CustomerID,Name ,Gender,BirthYear
1,John Smith,Male,1992
2,Steve Gates,Male,1992
3,Arthur Holmes,Male,1991
4,James Pan,Male,1990
5,Brenda Lindgren,Female,1980
6,Victoria Terces,Female,1987
13,Pratyush Kulwal,Male,1992
21,Stephanie Jonathan,Female,1992
30,Harry Potter,Male,1991
31,Ron Wesley,Male,1991
33,Rishikesh More,Male,1991
40,Jack Dorsey,Male,1995
44,tom smith,Male,1972
49,Sally Tomz,Female,1990
50,Vicky Lee,Female,1980
51,Ryan Dugan,Male,1972
54,Smith Smith,Male,1956
1645,Rocky Balbota,Male,1992
1647,Raj Mehta,Male,1992
1652,Rebecca Johnson,Female,1991
1657,Rocky Balobota,Male,1976
1658,Dash Wash,Male,1976
1659,Rebecca Wilson,Female,1976
1661,Heather Carr,Female,1991
1663,AB Devil,Male,1992
1664,Ban Car,Male,1991
1666,Charles Davis,Male,1991
1669,Devesh Chandra,Male,1993
1671,Dev Daga,Male,1980
1675,Farees P,Male,1995
1676,Elon Musk,Male,1972
1679,Crime Master Gogo,Male,1970
1682,Mohammed Patel,Male,1992
1692,Cristiano R,Male,1992
1693,Gareth Bale,Male,1992
1694,Luka Modric,Male,1992
1695,Toni Kroos,Male,1992
1701,Mike Rogers,Male,1992
1702,Rohit Gandhi,Male,1992
1704,Marcelo Vieira,Male,1983
1705,Karim Benzema,Male,1966
1706,Sergio Ramos,Male,1945
1708,James Rodriguez,Male,1982
1716,Mark Tomolson,Male,1969
1717,Kathleen Schwarz,Male,1999
1720,Andrew K,Male,1966
1722,Sanket Bhalerao,Male,1984
1737,Mario Gotze,Male,1992
1738,Robert Lewandowski,Male,1990
1739,Frank Ribery,Male,1980
1740,Arjen Robben,Male,1980
1744,Sanket Bhalerao,Male,1980
1747,Saloni Man,Female,1988
1748,Ci ci Bianca,Female,1988
1749,Devika Chitnis,Female,1988
1750,Radhika Apte,Female,1988
1753,Harry Kane,Male,1980
1754,Angella Christian,Female,1999
1755,Kim Kardesian,Female,1995
1756,Marta Correa,Female,1992
1757,Dani Alli,Male,1970
1758,Andrea Fleming,Female,1983
1759,Andrew Kante,Male,1960
1760,Marissa Gusmao,Female,1965
1761,A Cutinho,Female,1965
1762,Jose Mourinho,Female,1999
1763,Radamel Falcao,Male,2000
1764,John Trott,Male,2000
1765,John Roos,Male,1992
1767,zoe perry,Male,1993
1768,Asensio R,Female,1994
1769,Lila Jones,Female,1966
1770,Lio Messi,Male,1977
1771,Dani Alves,Male,1983
1772,Tim Nickels,Male,1965
1773,R Chellieni,Male,1932
1774,Rebecca Black,Female,1995
1775,A Dybala,Male,1991
1776,Guy Williams,Male,1960
1778,Ali katz,Male,1965
1779,Alan Rogers,Male,1945
1780,Savannah Smith,Female,1990
1781,carla white,Male,2000
